A,B
확인 후 결과를 나에게 먼저 알려주세요,확인하시고 결과를 먼저 알려주세요
확인 후에 본사 디자인팀에 업데이트 요청할 예정입니다,확인 후 본사 디자인팀에 업데이트 요청을 할 예정입니다
확인에 대한 수수료는 수익자가 부담합니다,수령자는 확인 비용을 지불한다
확인용 서류를 팩스로 다시 보내주세요,확인할 문서를 팩스로 다시 보내주십시오
확인을 위해 다른 이메일로 대답을 보내겠습니다,확인차 다른 메일로 회신 드리겠습니다
확인이 되었다면 정확한 출고일을 알려주시기 바랍니다,확인되었다면 정확한 납기일을 알려주시기 바랍니다
확인하시고 저의 일시 정지된 계정을 풀어주시면 감사하겠습니다,정지된 제 계정을 확인해서 풀어주시면 감사하겠습니다
확인한 결과 그는 부상으로 인하여 입원을 했습니다,알고 보니 그는 부상으로 병원에 입원해 있었다
확인한 후 직접 로비로 모시러 오겠습니다,확인해보고 로비로 모시러 가겠습니다
확인한 후 최대한 빨리 회신 드리도록 하겠습니다,확인 후 빠른 시일 내에 회신 드리겠습니다
확인해보시고 스팸을 해제해주시면 감사하겠습니다,확인 후 스팸을 제거해주시면 감사하겠습니다
환경 지속성 사업의 또 다른 주요점은 장기적으로 비용을 줄이는 잠재력입니다,환경 지속가능성 사업의 또 다른 핵심은 장기적으로 비용을 줄일 수 있는 잠재력이다
환경 지속성을 위한 기업 효용을 강하게 지지하는 몇 가지 관점이 있습니다,환경 지속가능성을 위한 비즈니스 사례를 강력하게 뒷받침하는 여러 가지 포인트가 있습니다
환경보호 정책 내 정부 간의 정책 조정을 위한 새로운 메커니즘이 계속 소개되어 오고 있습니다,환경보호정책에서 정부 간 정책 조정을 위한 새로운 메커니즘이 도입되었다
환경을 위해 철저한 분리수거를 부탁드립니다,우리는 환경을 위해 적절히 재활용할 필요가 있다
할아버지와 행복하게 사는 모습이 보기 좋네요,그가 할아버지와 함께 사는 것이 행복해 보여서 기뻐요
할아버지의 원래 고향이 어디예요,할아버지는 원래 어디 출신이세요
할아버지의 집은 넓은 거실이 있습니다,할아버지 댁에는 넓은 거실이 있다
할인 금액을 생각하실 때 고려해주세요,할인을 고려한다면 생각해 볼 수도 있습니다
할인 내역에 관련된 관리가 돼야 해요,할인 내역에 대한 관리가 필요합니다
할인 및 적립 쿠폰은 적립금 할인 등을 제외한 실제 결제금액에 적용됩니다,할인 및 적립쿠폰은 적립할인을 제외한 실제 결제금액에 적용됩니다
할인 좀 받을 수 있을까요,할인해 주실 수 있나요
할인 좀 해주실 수 있어요,할인해 주시겠어요
할인 코드를 입력하지 않아서 다시 주문하려 합니다,할인 코드를 입력하지 않아서 재주문하려고 합니다
할인 특가는 조기 종료될 수 있으니 서두르세요,판매 기간이 곧 끝날 수 있으니 서둘러 주세요
할인되는 카드 뭐 있나요,할인카드 있나요
할인된 가격으로 견적서 보내주세요,견적할인 가격이 적힌 시트를 보내주세요
할인된 금액으로 구매할 수 있으면 바로 결제하겠습니다,할인된 가격에 살 수 있다면 바로 결제할게요
할인된 내용을 확인하세요,할인된 비용을 확인해 주세요
할인률을 50 로 해주실 수 있을까요,할인율을 50 로 해주시겠어요
할인율의 경우 보통 2 5 생각하시면 되고 일단 미팅 시에 같이 협의하면 되겠습니다,할인율에 대해서는 2 5 를 생각할 수 있고 회의 중에 추가로 협상할 수 있습니다
할인은 잠정적으로 예전과 같이 진행하되 추가적인 논의가 이뤄질 것입니다,기존처럼 잠정적으로 할인을 진행하겠지만 추가 논의는 진행하겠습니다
할인을 요청하셨는데 할인은 힘들 것 같습니다,할인을 요청하셨는데 제공이 어려울 것 같습니다
할인을 좀 받을 수 있을까요,할인 좀 받을 수 있을까요
할인을 포기하고 이베이 주문을 진행하겠습니까,할인을 포기하고 이베이 주문을 진행하시겠습니까
할인이 어렵다면 기존견적금액으로 진행하도록 하겠습니다,만약 당신이 우리에게 협상된 가격을 제공하기가 어렵다면 우리는 단지 현재 견적가격으로 진행하겠습니다
할인이 적용되었으며 총 15 000가 할인되었습니다,할인이 적용되고 총 15 000달러가 할인됩니다
할인쿠폰 사용 및 할인상품 구매 시 적립은 안 됩니다,할인쿠폰을 사용하거나 할인된 상품을 구매하시면 적립이 안 됩니다
할인쿠폰은 예약한 고객 내에서만 사용할 수 있어 거절당했습니다,할인쿠폰은 예약한 고객 내에서만 사용할 수 있어 거절당했습니다
할인해 주시면 바로 구매할게요,할인해주시면 바로 구매하겠습니다
할인해주고 싶은데 입고된 지 얼마 되지 않아서 안될 거 같아,정말 할인해드리고 싶은데 신상품이라 안 되는데요
할인해주신다면 화요일 4시부터 6시까지가 좋을 것 같아요,할인해주시면 4시부터 6시까지가 적당할 것 같습니다
함경도 감사와 모든 포졸이 불을 끄느라 정신없었어요,함경도지사와 모든 장교가 화재 진압에 분주했다
함께 가는 다양한 가치가 중요합니다,다양한 가치관이 함께 어우러지는 것이 중요합니다
함께 공부하니 내가 생각하지 못했던 것과 확실히 모르는 것을 알 수 있었어,함께 공부했기 때문에 생각지도 못했던 것들을 깨달을 수 있었고 확실히 알지 못했다
함께 구매시 운송료는 30 달러입니다,만약 당신이 그것과 함께 구매한다면 배송비는 30달러입니다
함께 노는 것도 좋아하지만 혼자만의 시간을 갖는 것도 좋아해요,나는 함께 노는 것도 좋아하지만 혼자 있는 것도 좋아해요
함께 달성해야할 목표가 생겨서 좋았어,같은 목표를 함께 이루게 되어 기쁩니다
함께 만들어가는 다양성이 중요합니다,함께 만들어진 다양성은 중요하다
함께 모여 맛있는 음식을 먹고 하나님의 은혜를 나누는 이 시간은 저의 토요일 중에서 가장 사랑하는 시간 중에 하나에요,맛있는 음식을 먹고 하나님의 은혜를 나누기 위해 모이는 이 시간은 제가 토요일 중에 가장 좋아하는 시간 중 하나입니다
함께 목숨 걸고 싸웠던 2 300여 명 군인 분들이 돌아가셔서 저는 너무 슬퍼요,함께 싸우다 전사한 2 300명의 군인이 죽었다는 사실이 너무 슬프다
함께 방문하셨는데 체험에 참여 하지 않으면 체험 하는 사람만 돈 내면 돼요,함께 방문했지만 체험에 참여하지 않는다면 체험에 참여하는 사람에 대한 비용만 지불하면 됩니다
함께 보내기 위하여 시간이 더 걸린다면 개별적으로 보내주시길 바랍니다,함께 시간을 보내는 데 시간이 더 걸리면 따로 보내주세요
함께 사건을 해결하던 주디와 닉은 진정한 친구가 되었고 사건도 훌륭하게 해결합니다,함께 일하면서 주디와 닉은 좋은 친구가 되었고 사건을 성공적으로 해결했다
함께 쇼핑해 주셔서 대단히 감사합니다,저희와 함께 쇼핑해주셔서 정말 감사합니다
함께 술을 마시고 적당히 취한 척해,같이 마시고 약간 취한 척 해
함께 쓰면 더욱 편리한 를 지금 만나보세요,소프트웨어를 사용해 보세요 함께 사용하면 더 편리합니다
함께 쓸 때 더욱 빛을 발하는 두 제품이다,이 두 제품은 함께 사용하면 더 빛날 수 있는 제품입니다
함께 어렵고 기쁜 일들 모두를 같이 겪어주는 친구입니다,그는 모든 어렵고 행복한 일들을 함께 겪는 친구입니다
함께 이야기를 하는 상대방이 배려를 느낀다는 점이 저의 가장 큰 장점이라고 생각합니다,제가 생각하는 가장 큰 강점은 저와 대화를 나누는 사람들이 이해와 편안함을 느낀다는 것입니다
함께 일을 할 때 책임감이 없는 사람에 대해 어떻게 생각해,함께 일할 때 무책임한 사람들에 대해 어떻게 생각하세요
함께 일을 할 때 피해를 주는 사람 말이야,같이 일하면 괴롭히는 사람
함께 일하고 싶은 사람 회사에 큰 기여를 하는 사람으로 알려지고 싶어,저는 남들이 같이 일하고 싶어하는 사람 회사에 많은 공헌을 하는 사람으로 알려지고 싶습니다
함께 일하는 것이 즐겁다고 하셨습니다,그는 함께 일하는 것이 재미있다고 말했다
함께 일하는 동료 들은 모두가 멀티 태스킹으로 여러 가지 일을 함께 하고 있어,직장 동료들은 모두 멀티태스킹이라서 여러 가지 일을 같이 해요
함께 일하는 동료들은 서로를 충분히 신뢰하고 협조하고 시너지를 내려고 노력한다고 생각하나요,동료들이 서로를 믿고 협력하고 시너지를 내기 위해 충분한 노력을 하고 있다고 생각하세요
함께 일하는 사람이 많아질수록 소통에 필요한 비용은 증가합니다,함께 일하는 사람이 많아지면 통신비도 늘어난다
함께 일하는 직장 동료들이 좋습니다,나는 내 동료가 좋다
함께 일하면 일 처리가 빠르기 때문에 좋습니다,일이 더 빨리 끝나기 때문에 나는 함께 일하는 것을 선호한다
함께 있었던 아이 중에서 그러나 온전한 가정에서 자란 아이 하나가 기억나요,그리고 저는 제가 그 당시에 함께 있었던 아이들 중 한 가족을 기억합니다 그들의 부모님들 그는 여전히 원래 부모님과 함께 있었습니다
함께 있을 때 더 잘해 줬어야 하는데 그렇지 못한 거 같아서 미안해,네가 나와 함께 있을 때 내가 잘했어야 했는데 미안해
함께 있을 때 우리는 되는 일이 없었습니다,우리가 함께 있을 때는 아무 일도 잘 되지 않았다
함께 작업하고 싶은 그런 가수가 있을까요,같이 일하고 싶은 가수가 있나요
함께 작업하고 싶은 아티스트가 있나요,같이 일하고 싶은 아티스트가 있나요
함께 제공되는 거치대를 이용해서 자전거 전면 또는 후면 바에 조여만 주면 설치가 끝나,함께 제공된 크래들을 사용하면 자전거 앞이나 뒷면의 바 로 조여 작업을 완료하기만 하면 됩니다
함께 즐겁게 지내는 사람들을 보면서 함께 하고 싶은 욕망이 불타올랐습니다,함께 즐거운 시간을 보내는 사람들을 보니 함께 하고 싶은 욕망이 불타올랐다
함께 지낼수록 우리 사이의 거리는 가까워져,우리가 더 많은 시간을 함께 보낼수록 우리는 더 가까워질 수 있습니다
함께 참석해준 그리고 무엇보다 이 행사의 기회를 만들어준 에게 큰 감사함을 저는 표합니다,이번 행사의 기회를 만들어준 그리고 무엇보다 에게 감사의 마음을 전하고 싶습니다
함께 하는 조직에 충성하고 창의적 문제 해결을 통해 시너지 효과를 낼 수 있는 인재가 되겠습니다,저는 제가 속한 그룹에 충실할 것이고 문제에 대한 창의적인 해결책을 제공함으로써 시너지 효과를 낼 수 있는 사람이 될 것입니다
함께 했던 그리움의 시간을 손에 꼭 쥐고 이 아름다운 길을 내내 걸어가는 동안 신의 은총이 당신과 함께하기를 바래요,함께 보낸 시간들의 그리움을 꼭 붙잡고 이 아름다운 길을 걸으면서 하나님의 은총이 늘 함께 하길 바랍니다
함께 했던 분들이 가끔 생각이 나요,나는 가끔 함께했던 사람들을 생각해
함께 협력해서 빠르게 해결할 수 있었던 부분들이 정말 많았던 것 같아,협력을 통해 빠르게 해결할 수 있었던 부분이 많았던 것 같습니다
함께 활동하면서 공동체 의식을 배울 수 있다,함께 일하면서 팀워크 정신을 배울 수 있습니다
함께라면 우리는 하나입니다,함께라면 우리는 하나다
함께라면 힘든 시간이 와도 웃을 수 있어,함께 우리는 힘든 시간에도 웃을 수 있습니다
함께여도 혼자였던 나에게서 네가 도망친거야,우리가 함께 있을 때도 혼자였던 나에게서 도망치고 있었니